path,source_mockup,x0,y0,x1,y1,corner_radius
fish/cards/fish_card_bass.png,04_journal.png,43,920,217,1113,22
fish/cards/fish_card_bluegill.png,04_journal.png,226,920,401,1113,22
fish/cards/fish_card_catfish.png,04_journal.png,43,522,217,714,22
fish/cards/fish_card_crucian.png,04_journal.png,226,322,401,514,22
fish/cards/fish_card_goldfish.png,04_journal.png,43,720,217,911,22
fish/cards/fish_card_koi.png,04_journal.png,43,322,217,514,22
fish/cards/fish_card_minnow.png,04_journal.png,226,720,401,911,22
fish/cards/fish_card_trout.png,04_journal.png,226,522,401,714,22
items/bags/bag_basic.png,05_equipment.png,507,1341,614,1468,20
items/bags/bag_leather.png,05_equipment.png,618,1341,726,1468,20
items/bags/bag_sea.png,05_equipment.png,729,1341,834,1468,20
items/baits/bait_dough.png,05_equipment.png,258,1340,365,1466,20
items/baits/bait_grasshopper.png,05_equipment.png,369,1340,473,1466,20
items/baits/bait_shrimp.png,05_equipment.png,149,1340,254,1466,20
items/baits/bait_worm.png,05_equipment.png,40,1340,146,1466,20
items/decor/camp/item_birdhouse.png,06_camp_edit.png,609,1284,757,1480,20
items/decor/camp/item_camp_lantern.png,06_camp_edit.png,312,1284,456,1480,20
items/decor/camp/item_camping_chair.png,06_camp_edit.png,27,1284,164,1480,20
items/decor/camp/item_camping_tent.png,06_camp_edit.png,761,1284,916,1480,20
items/decor/camp/item_wildflower_pot.png,06_camp_edit.png,460,1284,605,1480,20
items/decor/camp/item_wood_table.png,06_camp_edit.png,168,1284,308,1480,20
items/rods/rod_forest_rest.png,05_equipment.png,45,999,243,1229,22
items/rods/rod_moonlight.png,05_equipment.png,459,999,663,1229,22
items/rods/rod_river_breeze.png,05_equipment.png,249,999,453,1229,22
items/rods/rod_spring_promise.png,05_equipment.png,669,999,870,1229,22
ui/camp/button_back.png,06_camp_edit.png,25,127,104,207,40
ui/camp/button_done.png,06_camp_edit.png,306,1503,664,1612,40
ui/camp/camp_title.png,06_camp_edit.png,104,107,341,199,24
ui/camp/placement_confirm.png,06_camp_edit.png,759,619,828,696,35
ui/camp/placement_delete.png,06_camp_edit.png,834,660,896,722,31
ui/camp/placement_rotate.png,06_camp_edit.png,690,640,756,714,33
ui/camp/tab_decorate.png,06_camp_edit.png,28,1188,255,1272,20
ui/camp/tab_furniture.png,06_camp_edit.png,475,1188,692,1272,20
ui/camp/tab_layout.png,06_camp_edit.png,257,1188,473,1272,20
ui/camp/tab_ornament.png,06_camp_edit.png,694,1188,914,1272,20
ui/catch_result/button_fish_again.png,03_catch_result.png,606,1347,918,1558,36
ui/catch_result/button_record.png,03_catch_result.png,318,1365,584,1543,32
ui/catch_result/button_release.png,03_catch_result.png,36,1365,291,1543,32
ui/catch_result/fish_hero_area.png,03_catch_result.png,183,431,770,843,32
ui/catch_result/fish_info_card.png,03_catch_result.png,89,832,850,1293,36
ui/catch_result/new_fish_header.png,03_catch_result.png,266,278,700,449,40
ui/common/button_settings.png,01_main_world.png,833,27,914,102,38
ui/common/hud_currency.png,01_main_world.png,534,28,826,95,34
ui/common/hud_region_time_weather.png,01_main_world.png,24,28,424,95,34
ui/common/nav_camp.png,01_main_world.png,688,1452,913,1582,28
ui/common/nav_equipment.png,01_main_world.png,164,1452,282,1582,28
ui/common/nav_fishing.png,01_main_world.png,302,1415,666,1584,46
ui/common/nav_journal.png,01_main_world.png,30,1452,151,1582,28
ui/equipment/equipment_header.png,05_equipment.png,31,105,465,322,26
ui/equipment/equipped_rod_panel.png,05_equipment.png,37,438,908,924,26
ui/equipment/tab_accessory.png,05_equipment.png,684,333,908,431,20
ui/equipment/tab_bag.png,05_equipment.png,463,333,688,431,20
ui/equipment/tab_bait.png,05_equipment.png,250,333,466,431,20
ui/equipment/tab_rods.png,05_equipment.png,36,333,254,431,20
ui/fishing/bite_callout.png,02_fishing_bite_reel.png,600,604,755,686,26
ui/fishing/button_cancel.png,02_fishing_bite_reel.png,34,1446,178,1588,28
ui/fishing/button_fish_journal.png,02_fishing_bite_reel.png,746,1446,911,1588,28
ui/fishing/fishing_tip_panel.png,02_fishing_bite_reel.png,290,1515,672,1586,34
ui/fishing/reel_button.png,02_fishing_bite_reel.png,329,1261,615,1516,140
ui/fishing/tension_meter.png,02_fishing_bite_reel.png,157,1165,783,1266,40
ui/journal/fish_detail_panel.png,04_journal.png,428,301,914,1440,28
ui/journal/journal_counter.png,04_journal.png,730,31,915,117,30
ui/journal/journal_sort_button.png,04_journal.png,236,1441,429,1516,26
ui/journal/journal_title.png,04_journal.png,281,23,701,130,26
ui/journal/tab_all.png,04_journal.png,31,183,211,278,22
ui/journal/tab_freshwater.png,04_journal.png,210,183,381,278,22
ui/journal/tab_lake.png,04_journal.png,379,183,557,278,22
ui/journal/tab_special.png,04_journal.png,729,183,914,278,22
ui/journal/tab_valley.png,04_journal.png,555,183,732,278,22
ui/regions/map_back_button.png,07_region_map.png,31,1464,164,1604,28
ui/regions/region_big_river.png,07_region_map.png,441,807,700,911,28
ui/regions/region_forest_valley.png,07_region_map.png,606,516,880,623,28
ui/regions/region_map_title.png,07_region_map.png,266,80,676,175,24
ui/regions/region_moonlight_island.png,07_region_map.png,617,1270,887,1384,28
ui/regions/region_seaside.png,07_region_map.png,104,1185,364,1297,28
ui/regions/region_small_pond.png,07_region_map.png,100,509,351,618,28
ui/water_mode/button_bgm.png,08_water_mind.png,620,1446,741,1563,58
ui/water_mode/button_capture.png,08_water_mind.png,213,1446,330,1563,58
ui/water_mode/button_time.png,08_water_mind.png,348,1446,466,1563,58
ui/water_mode/button_weather.png,08_water_mind.png,484,1446,604,1563,58
ui/water_mode/hide_ui_button.png,08_water_mind.png,732,32,916,102,32
ui/water_mode/water_mode_badge.png,08_water_mind.png,27,34,250,104,32
