key,ko,en,ja
fish.crucian_carp.name,"붕어","Crucian Carp",""
fish.crucian_carp.desc,"붕어에 대한 관찰 기록입니다.","Observation notes for crucian carp.",""
fish.common_carp.name,"잉어","Common Carp",""
fish.common_carp.desc,"잉어에 대한 관찰 기록입니다.","Observation notes for common carp.",""
fish.minnow.name,"피라미","Minnow",""
fish.minnow.desc,"피라미에 대한 관찰 기록입니다.","Observation notes for minnow.",""
fish.catfish.name,"메기","Catfish",""
fish.catfish.desc,"메기에 대한 관찰 기록입니다.","Observation notes for catfish.",""
fish.loach.name,"미꾸라지","Loach",""
fish.loach.desc,"미꾸라지에 대한 관찰 기록입니다.","Observation notes for loach.",""
fish.gudgeon.name,"모래무지","Gudgeon",""
fish.gudgeon.desc,"모래무지에 대한 관찰 기록입니다.","Observation notes for gudgeon.",""
fish.bitterling.name,"납자루","Bitterling",""
fish.bitterling.desc,"납자루에 대한 관찰 기록입니다.","Observation notes for bitterling.",""
fish.bluegill.name,"블루길","Bluegill",""
fish.bluegill.desc,"블루길에 대한 관찰 기록입니다.","Observation notes for bluegill.",""
fish.largemouth_bass.name,"큰입배스","Largemouth Bass",""
fish.largemouth_bass.desc,"큰입배스에 대한 관찰 기록입니다.","Observation notes for largemouth bass.",""
fish.snakehead.name,"가물치","Snakehead",""
fish.snakehead.desc,"가물치에 대한 관찰 기록입니다.","Observation notes for snakehead.",""
fish.rainbow_trout.name,"무지개송어","Rainbow Trout",""
fish.rainbow_trout.desc,"무지개송어에 대한 관찰 기록입니다.","Observation notes for rainbow trout.",""
fish.cherry_salmon.name,"산천어","Cherry Salmon",""
fish.cherry_salmon.desc,"산천어에 대한 관찰 기록입니다.","Observation notes for cherry salmon.",""
fish.dace.name,"황어","Dace",""
fish.dace.desc,"황어에 대한 관찰 기록입니다.","Observation notes for dace.",""
fish.sculpin.name,"둑중개","Sculpin",""
fish.sculpin.desc,"둑중개에 대한 관찰 기록입니다.","Observation notes for sculpin.",""
fish.brook_minnow.name,"갈겨니","Brook Minnow",""
fish.brook_minnow.desc,"갈겨니에 대한 관찰 기록입니다.","Observation notes for brook minnow.",""
fish.lenok.name,"열목어","Lenok",""
fish.lenok.desc,"열목어에 대한 관찰 기록입니다.","Observation notes for lenok.",""
fish.freshwater_goby.name,"민물망둑","Freshwater Goby",""
fish.freshwater_goby.desc,"민물망둑에 대한 관찰 기록입니다.","Observation notes for freshwater goby.",""
fish.stone_loach.name,"종개","Stone Loach",""
fish.stone_loach.desc,"종개에 대한 관찰 기록입니다.","Observation notes for stone loach.",""
fish.torrent_catfish.name,"퉁가리","Torrent Catfish",""
fish.torrent_catfish.desc,"퉁가리에 대한 관찰 기록입니다.","Observation notes for torrent catfish.",""
fish.stream_chub.name,"버들치","Stream Chub",""
fish.stream_chub.desc,"버들치에 대한 관찰 기록입니다.","Observation notes for stream chub.",""
fish.barbel.name,"누치","Barbel",""
fish.barbel.desc,"누치에 대한 관찰 기록입니다.","Observation notes for barbel.",""
fish.mandarin_fish.name,"쏘가리","Mandarin Fish",""
fish.mandarin_fish.desc,"쏘가리에 대한 관찰 기록입니다.","Observation notes for mandarin fish.",""
fish.yellowfin_goby.name,"문절망둑","Yellowfin Goby",""
fish.yellowfin_goby.desc,"문절망둑에 대한 관찰 기록입니다.","Observation notes for yellowfin goby.",""
fish.eel.name,"뱀장어","Eel",""
fish.eel.desc,"뱀장어에 대한 관찰 기록입니다.","Observation notes for eel.",""
fish.freshwater_smelt.name,"빙어","Freshwater Smelt",""
fish.freshwater_smelt.desc,"빙어에 대한 관찰 기록입니다.","Observation notes for freshwater smelt.",""
fish.silver_carp.name,"백련어","Silver Carp",""
fish.silver_carp.desc,"백련어에 대한 관찰 기록입니다.","Observation notes for silver carp.",""
fish.grass_carp.name,"초어","Grass Carp",""
fish.grass_carp.desc,"초어에 대한 관찰 기록입니다.","Observation notes for grass carp.",""
fish.skygager.name,"끄리","Skygager",""
fish.skygager.desc,"끄리에 대한 관찰 기록입니다.","Observation notes for skygager.",""
fish.river_puffer.name,"복어","River Puffer",""
fish.river_puffer.desc,"복어에 대한 관찰 기록입니다.","Observation notes for river puffer.",""
fish.mudfish.name,"미꾸리","Mudfish",""
fish.mudfish.desc,"미꾸리에 대한 관찰 기록입니다.","Observation notes for mudfish.",""
fish.sea_bass.name,"농어","Sea Bass",""
fish.sea_bass.desc,"농어에 대한 관찰 기록입니다.","Observation notes for sea bass.",""
fish.black_porgy.name,"감성돔","Black Porgy",""
fish.black_porgy.desc,"감성돔에 대한 관찰 기록입니다.","Observation notes for black porgy.",""
fish.red_seabream.name,"참돔","Red Seabream",""
fish.red_seabream.desc,"참돔에 대한 관찰 기록입니다.","Observation notes for red seabream.",""
fish.mackerel.name,"고등어","Mackerel",""
fish.mackerel.desc,"고등어에 대한 관찰 기록입니다.","Observation notes for mackerel.",""
fish.horse_mackerel.name,"전갱이","Horse Mackerel",""
fish.horse_mackerel.desc,"전갱이에 대한 관찰 기록입니다.","Observation notes for horse mackerel.",""
fish.rockfish.name,"볼락","Rockfish",""
fish.rockfish.desc,"볼락에 대한 관찰 기록입니다.","Observation notes for rockfish.",""
fish.flounder.name,"광어","Flounder",""
fish.flounder.desc,"광어에 대한 관찰 기록입니다.","Observation notes for flounder.",""
fish.greenling.name,"쥐노래미","Greenling",""
fish.greenling.desc,"쥐노래미에 대한 관찰 기록입니다.","Observation notes for greenling.",""
fish.mullet.name,"숭어","Mullet",""
fish.mullet.desc,"숭어에 대한 관찰 기록입니다.","Observation notes for mullet.",""
fish.anchovy.name,"멸치","Anchovy",""
fish.anchovy.desc,"멸치에 대한 관찰 기록입니다.","Observation notes for anchovy.",""
fish.sardine.name,"정어리","Sardine",""
fish.sardine.desc,"정어리에 대한 관찰 기록입니다.","Observation notes for sardine.",""
fish.halfbeak.name,"학공치","Halfbeak",""
fish.halfbeak.desc,"학공치에 대한 관찰 기록입니다.","Observation notes for halfbeak.",""
fish.filefish.name,"쥐치","Filefish",""
fish.filefish.desc,"쥐치에 대한 관찰 기록입니다.","Observation notes for filefish.",""
fish.pufferfish.name,"복어","Pufferfish",""
fish.pufferfish.desc,"복어에 대한 관찰 기록입니다.","Observation notes for pufferfish.",""
fish.conger.name,"붕장어","Conger",""
fish.conger.desc,"붕장어에 대한 관찰 기록입니다.","Observation notes for conger.",""
fish.octopus.name,"문어","Octopus",""
fish.octopus.desc,"문어에 대한 관찰 기록입니다.","Observation notes for octopus.",""
fish.cuttlefish.name,"갑오징어","Cuttlefish",""
fish.cuttlefish.desc,"갑오징어에 대한 관찰 기록입니다.","Observation notes for cuttlefish.",""
fish.squid.name,"오징어","Squid",""
fish.squid.desc,"오징어에 대한 관찰 기록입니다.","Observation notes for squid.",""
fish.blue_crab.name,"꽃게","Blue Crab",""
fish.blue_crab.desc,"꽃게에 대한 관찰 기록입니다.","Observation notes for blue crab.",""
fish.shrimp.name,"새우","Shrimp",""
fish.shrimp.desc,"새우에 대한 관찰 기록입니다.","Observation notes for shrimp.",""
fish.clownfish.name,"흰동가리","Clownfish",""
fish.clownfish.desc,"흰동가리에 대한 관찰 기록입니다.","Observation notes for clownfish.",""
fish.butterflyfish.name,"나비고기","Butterflyfish",""
fish.butterflyfish.desc,"나비고기에 대한 관찰 기록입니다.","Observation notes for butterflyfish.",""
fish.surgeonfish.name,"양쥐돔","Surgeonfish",""
fish.surgeonfish.desc,"양쥐돔에 대한 관찰 기록입니다.","Observation notes for surgeonfish.",""
fish.parrotfish.name,"비늘돔","Parrotfish",""
fish.parrotfish.desc,"비늘돔에 대한 관찰 기록입니다.","Observation notes for parrotfish.",""
fish.rabbitfish.name,"독가시치","Rabbitfish",""
fish.rabbitfish.desc,"독가시치에 대한 관찰 기록입니다.","Observation notes for rabbitfish.",""
fish.damselfish.name,"자리돔","Damselfish",""
fish.damselfish.desc,"자리돔에 대한 관찰 기록입니다.","Observation notes for damselfish.",""
fish.wrasse.name,"놀래기","Wrasse",""
fish.wrasse.desc,"놀래기에 대한 관찰 기록입니다.","Observation notes for wrasse.",""
fish.grouper.name,"바리","Grouper",""
fish.grouper.desc,"바리에 대한 관찰 기록입니다.","Observation notes for grouper.",""
fish.trevally.name,"전갱이류","Trevally",""
fish.trevally.desc,"전갱이류에 대한 관찰 기록입니다.","Observation notes for trevally.",""
fish.barracuda.name,"꼬치고기","Barracuda",""
fish.barracuda.desc,"꼬치고기에 대한 관찰 기록입니다.","Observation notes for barracuda.",""
fish.flying_fish.name,"날치","Flying Fish",""
fish.flying_fish.desc,"날치에 대한 관찰 기록입니다.","Observation notes for flying fish.",""
fish.moonfish.name,"달고기","Moonfish",""
fish.moonfish.desc,"달고기에 대한 관찰 기록입니다.","Observation notes for moonfish.",""
fish.needlefish.name,"동갈치","Needlefish",""
fish.needlefish.desc,"동갈치에 대한 관찰 기록입니다.","Observation notes for needlefish.",""
fish.triggerfish.name,"쥐돔","Triggerfish",""
fish.triggerfish.desc,"쥐돔에 대한 관찰 기록입니다.","Observation notes for triggerfish.",""
fish.boxfish.name,"거북복","Boxfish",""
fish.boxfish.desc,"거북복에 대한 관찰 기록입니다.","Observation notes for boxfish.",""
fish.lionfish.name,"쏠배감펭","Lionfish",""
fish.lionfish.desc,"쏠배감펭에 대한 관찰 기록입니다.","Observation notes for lionfish.",""
fish.moray_eel.name,"곰치","Moray Eel",""
fish.moray_eel.desc,"곰치에 대한 관찰 기록입니다.","Observation notes for moray eel.",""
fish.stingray.name,"가오리","Stingray",""
fish.stingray.desc,"가오리에 대한 관찰 기록입니다.","Observation notes for stingray.",""
fish.tuna.name,"참치","Tuna",""
fish.tuna.desc,"참치에 대한 관찰 기록입니다.","Observation notes for tuna.",""
fish.mahi_mahi.name,"만새기","Mahi Mahi",""
fish.mahi_mahi.desc,"만새기에 대한 관찰 기록입니다.","Observation notes for mahi mahi.",""
fish.sunfish.name,"개복치","Sunfish",""
fish.sunfish.desc,"개복치에 대한 관찰 기록입니다.","Observation notes for sunfish.",""
fish.oarfish.name,"산갈치","Oarfish",""
fish.oarfish.desc,"산갈치에 대한 관찰 기록입니다.","Observation notes for oarfish.",""
region.quiet_pond.name,"고요한 연못","Quiet Pond",""
region.forest_stream.name,"숲속 계곡","Forest Stream",""
region.reed_river.name,"갈대강","Reed River",""
region.blue_coast.name,"푸른 해안","Blue Coast",""
region.moonlight_isle.name,"달빛섬","Moonlight Isle",""
rod.bamboo.name,"대나무 낚싯대","Bamboo Rod",""
rod.light.name,"가벼운 낚싯대","Light Rod",""
rod.long.name,"긴 낚싯대","Long Rod",""
rod.stream.name,"계류 낚싯대","Stream Rod",""
rod.deepwater.name,"심층 낚싯대","Deepwater Rod",""
rod.river.name,"강 낚싯대","River Rod",""
rod.coastal.name,"해안 낚싯대","Coastal Rod",""
rod.pier.name,"부두 낚싯대","Pier Rod",""
rod.reef.name,"산호초 낚싯대","Reef Rod",""
rod.heavy.name,"튼튼한 낚싯대","Heavy Rod",""
rod.moonwood.name,"달나무 낚싯대","Moonwood Rod",""
rod.old_master.name,"노장인의 낚싯대","Old Master's Rod",""
bait.bread.name,"빵","Bread",""
bait.worm.name,"지렁이","Worm",""
bait.corn.name,"옥수수","Corn",""
bait.insect.name,"곤충","Insect",""
bait.shrimp.name,"새우","Shrimp",""
bait.shellfish.name,"조개","Shellfish",""
bait.small_fish.name,"작은 물고기","Small Fish",""
bait.berry.name,"산딸기","Berry",""
bait.larva.name,"애벌레","Larva",""
bait.cricket.name,"귀뚜라미","Cricket",""
bait.minnow.name,"피라미","Minnow",""
bait.crab.name,"게","Crab",""
bait.squid.name,"오징어","Squid",""
bait.seaweed.name,"해초","Seaweed",""
bait.moon_moth.name,"달나방","Moon Moth",""
bait.old_recipe.name,"옛 비법 떡밥","Old Recipe Dough",""
